{
    "train_loss": [
        0.6929759383201599,
        0.6840248703956604,
        0.6733493208885193,
        0.6617932319641113,
        0.6489770412445068,
        0.6358023881912231,
        0.6226366758346558,
        0.6086922287940979,
        0.5947974324226379,
        0.580993115901947
    ],
    "train_acc": [
        0.0004669026781427109,
        0.9994949715410385,
        0.9995010495640676,
        0.9994996681951974,
        0.9995018783853897,
        0.9995007732902935,
        0.9995057462182264,
        0.9995051936706784,
        0.9995093377772891,
        0.9995140344314479
    ],
    "val_loss": [
        0.6839743256568909,
        0.6733662486076355,
        0.6614658236503601,
        0.648672878742218,
        0.6356764435768127,
        0.6221845149993896,
        0.6084908843040466,
        0.5946465134620667,
        0.5802582502365112,
        0.5656668543815613
    ],
    "val_acc": [
        0.9994474527572107,
        0.9994474527572107,
        0.9994507680406675,
        0.9994507680406675,
        0.999451873135153,
        0.999457398607581,
        0.9994673444579512,
        0.9994772903083213,
        0.9994806055917781,
        0.9994894463476627
    ],
    "best_val_acc": 0.9994894463476627
}